route_order,record_id,zone,complaints_last_7d,waste_detections_last_7d,avg_bin_fill_percent,rainfall_mm,uncollected_bins,population_density,risk_score,hotspot_label,latitude,longitude,distance_from_previous_km
1,HS00017,Shivajinagar,8,16,72.6,4.0,4,17326,100.0,1,18.505417,73.804379,5.76
2,HS01170,Kothrud,10,17,69.1,9.2,5,5076,100.0,1,18.501355,73.800526,0.61
3,HS01179,Aundh,6,19,72.2,2.2,3,5760,100.0,1,18.465117,73.812213,4.21
4,HS01184,Wagholi,9,16,60.0,9.3,0,14863,100.0,1,18.45896,73.803333,1.16
5,HS00021,Baner,10,14,72.4,1.2,7,12356,100.0,1,18.552905,73.785934,10.61
6,HS01181,Pimpri,4,23,44.0,0.8,6,14610,100.0,1,18.62475,73.792078,8.02
7,HS00048,Viman Nagar,13,18,60.2,0.4,11,15593,100.0,1,18.566216,73.906598,13.71
8,HS01183,Kharadi,7,24,100.0,15.6,4,10806,100.0,1,18.562642,73.916031,1.07
9,HS01173,Pashan,11,19,59.6,13.2,6,6117,100.0,1,18.515189,73.918289,5.28
10,HS01178,Hadapsar,15,17,76.8,9.8,2,1181,100.0,1,18.516198,73.929149,1.15
